start,end,length,expected,count,p
1,72,72,7.039106145,2,0.100558659
73,346,274,26.7877095,13,0.382681564
347,479,133,13.0027933,12,0.18575419
480,668,189,18.47765363,27,0.26396648
669,716,48,4.69273743,16,0.067039106