domain,start,end,length,expected,p,count,
G,1,287,287,28.05865922,0.400837989,14,0.2
II,288,398,111,10.85195531,0.155027933,1,0.014285714
III,399,485,87,8.505586592,0.12150838,12,0.171428571
IV,486,611,126,12.31843575,0.175977654,21,0.3
V,612,716,105,10.26536313,0.146648045,22,0.314285714