start,end,length,expected,p,count
1,100,100,9.776536313,0.139664804,3
101,200,100,9.776536313,0.139664804,11
201,300,100,9.776536313,0.139664804,0
301,400,100,9.776536313,0.139664804,1
401,500,100,9.776536313,0.139664804,13
501,600,100,9.776536313,0.139664804,17
601,700,100,9.776536313,0.139664804,25
701,716,16,1.56424581,0.022346369,0